size,scalar,vector,speedup,scalar_per_element,vector_per_element
15,3.813,3.651,1.044371405,0.2542,0.2434
255,29.196,7.661,3.810990732,0.114494118,0.030043137
4095,430.907,34.814,12.37740564,0.105227595,0.008501587
65535,6842.321,654.758,10.45015258,0.104407126,0.009990967
1048575,109483.73,31302.406,3.497613889,0.104411921,0.029852329
16777215,1844256.801,799812.011,2.305862847,0.109926278,0.047672514
268435455,29633085.44,14556856.32,2.035678912,0.110391846,0.054228516